itemKey,name,type,registry,catalogPresent,catalogGroup,compositionMode,childCount,placement,rotation,moveSnap,color,image,light,glass,fabric,capabilities,bomOk,bomError,persistence,renderer,factoryOk,contractProfile,definition,placeable,gaps
upright_346_5,"Dikme 346,5 cm",upright,LEAF_ITEMS,true,Panel Ek Modül,leaf (recipe yok),1,free,90,50,evet,evet,hayır,hayır,hayır,color=false image=false glass=false lightbox=false mesh=false,true,,project.modules[] factory state + placement,createUprightModule,true,free-editable,docs/items/definitions/upright_346_5.md,true,
upright_99,Dikme 99 cm,upright,LEAF_ITEMS,false,,leaf (recipe yok),1,free,90,50,hayır,hayır,hayır,hayır,hayır,color=false image=false glass=false lightbox=false mesh=false,true,,doğrudan persist yok (parent BOM/recipe içinde),createUprightModule,false,,docs/items/definitions/upright_99.md,false,factory üretmez
upright_49_5,"Dikme 49,5 cm",upright,LEAF_ITEMS,false,,leaf (recipe yok),1,free,90,50,hayır,hayır,hayır,hayır,hayır,color=false image=false glass=false lightbox=false mesh=false,true,,doğrudan persist yok (parent BOM/recipe içinde),createUprightModule,false,,docs/items/definitions/upright_49_5.md,false,factory üretmez
profile_41_5,"Profil 41,5 cm",profile,LEAF_ITEMS,true,Panel Ek Modül,leaf (recipe yok),1,wall,90,50,evet,evet,hayır,hayır,hayır,color=false image=false glass=false lightbox=false mesh=false,true,,project.modules[] factory state + placement,createProfileModule,true,free-editable,docs/items/definitions/profile_41_5.md,true,
profile_91,Profil 91 cm,profile,LEAF_ITEMS,true,Panel Ek Modül,leaf (recipe yok),1,wall,90,50,evet,evet,hayır,hayır,hayır,color=false image=false glass=false lightbox=false mesh=false,true,,project.modules[] factory state + placement,createProfileModule,true,free-editable,docs/items/definitions/profile_91.md,true,
profile_140_5,"Profil 140,5 cm",profile,LEAF_ITEMS,true,Panel Ek Modül,leaf (recipe yok),1,wall,90,50,evet,evet,hayır,hayır,hayır,color=false image=false glass=false lightbox=false mesh=false,true,,project.modules[] factory state + placement,createProfileModule,true,free-editable,docs/items/definitions/profile_140_5.md,true,
profile_190,Profil 190 cm,profile,LEAF_ITEMS,true,Panel Ek Modül,leaf (recipe yok),1,wall,90,50,evet,evet,hayır,hayır,hayır,color=false image=false glass=false lightbox=false mesh=false,true,,project.modules[] factory state + placement,createProfileModule,true,free-editable,docs/items/definitions/profile_190.md,true,
panel_48_5,"Panel 48,5 × 47 cm",panel,LEAF_ITEMS,false,,leaf (recipe yok),1,wall,90,50,hayır,hayır,hayır,hayır,hayır,color=false image=false glass=false lightbox=false mesh=false,true,,doğrudan persist yok (parent BOM/recipe içinde),,false,,docs/items/definitions/panel_48_5.md,false,factory üretmez; TYPE_BEHAVIORS yok (DEFAULT_BEHAVIOR)
panel_98,Panel 98 × 47 cm,panel,LEAF_ITEMS,false,,leaf (recipe yok),1,wall,90,50,hayır,hayır,hayır,hayır,hayır,color=false image=false glass=false lightbox=false mesh=false,true,,doğrudan persist yok (parent BOM/recipe içinde),,false,,docs/items/definitions/panel_98.md,false,factory üretmez; TYPE_BEHAVIORS yok (DEFAULT_BEHAVIOR)
panel_147_5,"Panel 147,5 × 47 cm",panel,LEAF_ITEMS,false,,leaf (recipe yok),1,wall,90,50,hayır,hayır,hayır,hayır,hayır,color=false image=false glass=false lightbox=false mesh=false,true,,doğrudan persist yok (parent BOM/recipe içinde),,false,,docs/items/definitions/panel_147_5.md,false,factory üretmez; TYPE_BEHAVIORS yok (DEFAULT_BEHAVIOR)
panel_197,Panel 197 × 47 cm,panel,LEAF_ITEMS,false,,leaf (recipe yok),1,wall,90,50,hayır,hayır,hayır,hayır,hayır,color=false image=false glass=false lightbox=false mesh=false,true,,doğrudan persist yok (parent BOM/recipe içinde),,false,,docs/items/definitions/panel_197.md,false,factory üretmez; TYPE_BEHAVIORS yok (DEFAULT_BEHAVIOR)
panel_corner_42_5,"İç Köşe Paneli 42,5 × 47 cm",panel,LEAF_ITEMS,false,,leaf (recipe yok),1,wall,90,50,hayır,hayır,hayır,hayır,hayır,color=false image=false glass=false lightbox=false mesh=false,true,,doğrudan persist yok (parent BOM/recipe içinde),,false,,docs/items/definitions/panel_corner_42_5.md,false,factory üretmez; TYPE_BEHAVIORS yok (DEFAULT_BEHAVIOR)
panel_corner_92,İç Köşe Paneli 92 × 47 cm,panel,LEAF_ITEMS,false,,leaf (recipe yok),1,wall,90,50,hayır,hayır,hayır,hayır,hayır,color=false image=false glass=false lightbox=false mesh=false,true,,doğrudan persist yok (parent BOM/recipe içinde),,false,,docs/items/definitions/panel_corner_92.md,false,factory üretmez; TYPE_BEHAVIORS yok (DEFAULT_BEHAVIOR)
panel_corner_142_5,"İç Köşe Paneli 142,5 × 47 cm",panel,LEAF_ITEMS,false,,leaf (recipe yok),1,wall,90,50,hayır,hayır,hayır,hayır,hayır,color=false image=false glass=false lightbox=false mesh=false,true,,doğrudan persist yok (parent BOM/recipe içinde),,false,,docs/items/definitions/panel_corner_142_5.md,false,factory üretmez; TYPE_BEHAVIORS yok (DEFAULT_BEHAVIOR)
panel_corner_192,İç Köşe Paneli 192 × 47 cm,panel,LEAF_ITEMS,false,,leaf (recipe yok),1,wall,90,50,hayır,hayır,hayır,hayır,hayır,color=false image=false glass=false lightbox=false mesh=false,true,,doğrudan persist yok (parent BOM/recipe içinde),,false,,docs/items/definitions/panel_corner_192.md,false,factory üretmez; TYPE_BEHAVIORS yok (DEFAULT_BEHAVIOR)
separator_panel_48_5,"Separatör Paneli 48,5 × 47 cm",separator-panel,LEAF_ITEMS,false,,leaf (recipe yok),1,wall,90,50,hayır,hayır,hayır,hayır,hayır,color=false image=false glass=false lightbox=false mesh=false,true,,doğrudan persist yok (parent BOM/recipe içinde),,false,,docs/items/definitions/separator_panel_48_5.md,false,factory üretmez; TYPE_BEHAVIORS yok (DEFAULT_BEHAVIOR)
separator_panel_98,Separatör Paneli 98 × 47 cm,separator-panel,LEAF_ITEMS,false,,leaf (recipe yok),1,wall,90,50,hayır,hayır,hayır,hayır,hayır,color=false image=false glass=false lightbox=false mesh=false,true,,doğrudan persist yok (parent BOM/recipe içinde),,false,,docs/items/definitions/separator_panel_98.md,false,factory üretmez; TYPE_BEHAVIORS yok (DEFAULT_BEHAVIOR)
connector_start,Başlangıç Aparatı,connector,LEAF_ITEMS,false,,leaf (recipe yok),1,wall,90,50,hayır,hayır,hayır,hayır,hayır,color=false image=false glass=false lightbox=false mesh=false,true,,doğrudan persist yok (parent BOM/recipe içinde),,false,,docs/items/definitions/connector_start.md,false,factory üretmez; TYPE_BEHAVIORS yok (DEFAULT_BEHAVIOR)
connector_single,Tekli Aparat,connector,LEAF_ITEMS,false,,leaf (recipe yok),1,wall,90,50,hayır,hayır,hayır,hayır,hayır,color=false image=false glass=false lightbox=false mesh=false,true,,doğrudan persist yok (parent BOM/recipe içinde),,false,,docs/items/definitions/connector_single.md,false,factory üretmez; TYPE_BEHAVIORS yok (DEFAULT_BEHAVIOR)
connector_double,Çiftli Aparat,connector,LEAF_ITEMS,false,,leaf (recipe yok),1,wall,90,50,hayır,hayır,hayır,hayır,hayır,color=false image=false glass=false lightbox=false mesh=false,true,,doğrudan persist yok (parent BOM/recipe içinde),,false,,docs/items/definitions/connector_double.md,false,factory üretmez; TYPE_BEHAVIORS yok (DEFAULT_BEHAVIOR)
connector_corner,Köşe Aparatı,connector,LEAF_ITEMS,false,,leaf (recipe yok),1,wall,90,50,hayır,hayır,hayır,hayır,hayır,color=false image=false glass=false lightbox=false mesh=false,true,,doğrudan persist yok (parent BOM/recipe içinde),,false,,docs/items/definitions/connector_corner.md,false,factory üretmez; TYPE_BEHAVIORS yok (DEFAULT_BEHAVIOR)
door_leaf_100,Ahşap Kapı Kanadı 100 × 200 cm,door-leaf,LEAF_ITEMS,false,,leaf (recipe yok),1,wall,90,50,hayır,hayır,hayır,hayır,hayır,color=true image=true glass=false lightbox=false mesh=false,true,,doğrudan persist yok (parent BOM/recipe içinde),,false,,docs/items/definitions/door_leaf_100.md,false,factory üretmez; TYPE_BEHAVIORS yok (DEFAULT_BEHAVIOR)
shelf_100,Raf 100 cm,shelf,LEAF_ITEMS,false,,leaf (recipe yok),1,wall,90,50,hayır,hayır,hayır,hayır,hayır,color=false image=false glass=false lightbox=false mesh=false,true,,doğrudan persist yok (parent BOM/recipe içinde),createShelfModule,false,,docs/items/definitions/shelf_100.md,false,factory üretmez
shelf_150,Raf 150 cm,shelf,LEAF_ITEMS,false,,leaf (recipe yok),1,wall,90,50,hayır,hayır,hayır,hayır,hayır,color=false image=false glass=false lightbox=false mesh=false,true,,doğrudan persist yok (parent BOM/recipe içinde),createShelfModule,false,,docs/items/definitions/shelf_150.md,false,factory üretmez
shelf_200,Raf 200 cm,shelf,LEAF_ITEMS,false,,leaf (recipe yok),1,wall,90,50,hayır,hayır,hayır,hayır,hayır,color=false image=false glass=false lightbox=false mesh=false,true,,doğrudan persist yok (parent BOM/recipe içinde),createShelfModule,false,,docs/items/definitions/shelf_200.md,false,factory üretmez
shelf_leg,Raf Ayağı,shelf-accessory,LEAF_ITEMS,false,,leaf (recipe yok),1,wall,90,50,hayır,hayır,hayır,hayır,hayır,color=false image=false glass=false lightbox=false mesh=false,true,,doğrudan persist yok (parent BOM/recipe içinde),,false,,docs/items/definitions/shelf_leg.md,false,factory üretmez; TYPE_BEHAVIORS yok (DEFAULT_BEHAVIOR)
showcase_side_94_6_30,"Vitrin Yan Sunta 94,6 × 30 cm",showcase-board,LEAF_ITEMS,false,,leaf (recipe yok),1,wall,90,50,hayır,hayır,hayır,hayır,hayır,color=false image=false glass=false lightbox=false mesh=false,true,,doğrudan persist yok (parent BOM/recipe içinde),,false,,docs/items/definitions/showcase_side_94_6_30.md,false,factory üretmez; TYPE_BEHAVIORS yok (DEFAULT_BEHAVIOR)
showcase_side_143_5_30,"Vitrin Yan Sunta 143,5 × 30 cm",showcase-board,LEAF_ITEMS,false,,leaf (recipe yok),1,wall,90,50,hayır,hayır,hayır,hayır,hayır,color=false image=false glass=false lightbox=false mesh=false,true,,doğrudan persist yok (parent BOM/recipe içinde),,false,,docs/items/definitions/showcase_side_143_5_30.md,false,factory üretmez; TYPE_BEHAVIORS yok (DEFAULT_BEHAVIOR)
showcase_horizontal_87_4_30,"Vitrin Yatay Sunta 87,4 × 30 cm",showcase-board,LEAF_ITEMS,false,,leaf (recipe yok),1,wall,90,50,hayır,hayır,hayır,hayır,hayır,color=false image=false glass=false lightbox=false mesh=false,true,,doğrudan persist yok (parent BOM/recipe içinde),,false,,docs/items/definitions/showcase_horizontal_87_4_30.md,false,factory üretmez; TYPE_BEHAVIORS yok (DEFAULT_BEHAVIOR)
glass_shelf,Cam Raf,showcase-accessory,LEAF_ITEMS,false,,leaf (recipe yok),1,wall,90,50,hayır,hayır,hayır,hayır,hayır,color=false image=false glass=false lightbox=false mesh=false,true,,doğrudan persist yok (parent BOM/recipe içinde),,false,,docs/items/definitions/glass_shelf.md,false,factory üretmez; TYPE_BEHAVIORS yok (DEFAULT_BEHAVIOR)
counter_top_110_60,Banko Üstü 110 × 60 cm,counter-top,LEAF_ITEMS,false,,leaf (recipe yok),1,wall,90,50,hayır,hayır,hayır,hayır,hayır,color=false image=false glass=false lightbox=false mesh=false,true,,doğrudan persist yok (parent BOM/recipe içinde),,false,,docs/items/definitions/counter_top_110_60.md,false,factory üretmez; TYPE_BEHAVIORS yok (DEFAULT_BEHAVIOR)
counter_top_52_60,Banko Üstü 52 × 60 cm,counter-top,LEAF_ITEMS,false,,leaf (recipe yok),1,wall,90,50,hayır,hayır,hayır,hayır,hayır,color=false image=false glass=false lightbox=false mesh=false,true,,doğrudan persist yok (parent BOM/recipe içinde),,false,,docs/items/definitions/counter_top_52_60.md,false,factory üretmez; TYPE_BEHAVIORS yok (DEFAULT_BEHAVIOR)
counter_top_160_60,Banko Üstü 160 × 60 cm,counter-top,LEAF_ITEMS,false,,leaf (recipe yok),1,wall,90,50,hayır,hayır,hayır,hayır,hayır,color=false image=false glass=false lightbox=false mesh=false,true,,doğrudan persist yok (parent BOM/recipe içinde),,false,,docs/items/definitions/counter_top_160_60.md,false,factory üretmez; TYPE_BEHAVIORS yok (DEFAULT_BEHAVIOR)
counter_top_102_60,Banko Üstü 102 × 60 cm,counter-top,LEAF_ITEMS,false,,leaf (recipe yok),1,wall,90,50,hayır,hayır,hayır,hayır,hayır,color=false image=false glass=false lightbox=false mesh=false,true,,doğrudan persist yok (parent BOM/recipe içinde),,false,,docs/items/definitions/counter_top_102_60.md,false,factory üretmez; TYPE_BEHAVIORS yok (DEFAULT_BEHAVIOR)
counter_top_210_60,Banko Üstü 210 × 60 cm,counter-top,LEAF_ITEMS,false,,leaf (recipe yok),1,wall,90,50,hayır,hayır,hayır,hayır,hayır,color=false image=false glass=false lightbox=false mesh=false,true,,doğrudan persist yok (parent BOM/recipe içinde),,false,,docs/items/definitions/counter_top_210_60.md,false,factory üretmez; TYPE_BEHAVIORS yok (DEFAULT_BEHAVIOR)
counter_top_150_60,Banko Üstü 150 × 60 cm,counter-top,LEAF_ITEMS,false,,leaf (recipe yok),1,wall,90,50,hayır,hayır,hayır,hayır,hayır,color=false image=false glass=false lightbox=false mesh=false,true,,doğrudan persist yok (parent BOM/recipe içinde),,false,,docs/items/definitions/counter_top_150_60.md,false,factory üretmez; TYPE_BEHAVIORS yok (DEFAULT_BEHAVIOR)
base_top_107_50,Baza Üstü 107 × 50 cm,base-top,LEAF_ITEMS,false,,leaf (recipe yok),1,wall,90,50,hayır,hayır,hayır,hayır,hayır,color=false image=false glass=false lightbox=false mesh=false,true,,doğrudan persist yok (parent BOM/recipe içinde),,false,,docs/items/definitions/base_top_107_50.md,false,factory üretmez; TYPE_BEHAVIORS yok (DEFAULT_BEHAVIOR)
base_top_157_50,Baza Üstü 157 × 50 cm,base-top,LEAF_ITEMS,false,,leaf (recipe yok),1,wall,90,50,hayır,hayır,hayır,hayır,hayır,color=false image=false glass=false lightbox=false mesh=false,true,,doğrudan persist yok (parent BOM/recipe içinde),,false,,docs/items/definitions/base_top_157_50.md,false,factory üretmez; TYPE_BEHAVIORS yok (DEFAULT_BEHAVIOR)
base_top_206_50,Baza Üstü 206 × 50 cm,base-top,LEAF_ITEMS,false,,leaf (recipe yok),1,wall,90,50,hayır,hayır,hayır,hayır,hayır,color=false image=false glass=false lightbox=false mesh=false,true,,doğrudan persist yok (parent BOM/recipe içinde),,false,,docs/items/definitions/base_top_206_50.md,false,factory üretmez; TYPE_BEHAVIORS yok (DEFAULT_BEHAVIOR)
COAT_RACK,Askılık,coat-rack,COMMERCIAL_ITEMS,true,Extra,,1,free,90,10,hayır,hayır,hayır,hayır,hayır,color=false image=false glass=false lightbox=false mesh=false,true,,project.modules[] factory state + placement,createCoatRackModule,true,free-model-fixed,docs/items/definitions/COAT_RACK.md,true,
KETTLE,Kettle,kettle,COMMERCIAL_ITEMS,true,Extra,,1,free,90,10,hayır,hayır,hayır,hayır,hayır,color=false image=false glass=false lightbox=false mesh=false,true,,project.modules[] factory state + placement,createKettleModule,true,free-model-fixed,docs/items/definitions/KETTLE.md,true,
MINI_FRIDGE_AVANTI,Mini Buzdolabı,mini-fridge,COMMERCIAL_ITEMS,true,Extra,,1,free,90,10,hayır,hayır,hayır,hayır,hayır,color=false image=false glass=false lightbox=false mesh=false,true,,project.modules[] factory state + placement,createMiniFridgeModule,true,free-model-fixed,docs/items/definitions/MINI_FRIDGE_AVANTI.md,true,
PLASTIC_TRASH_BIN,Çöp Kutusu,plastic-trash-bin,COMMERCIAL_ITEMS,true,Extra,,1,free,90,10,hayır,hayır,hayır,hayır,hayır,color=false image=false glass=false lightbox=false mesh=false,true,,project.modules[] factory state + placement,createIndoorPlantModule (type dalı plastic-trash-bin),true,free-model-fixed,docs/items/definitions/PLASTIC_TRASH_BIN.md,true,
furniture_sofa_set_classic,Koltuk Takımı,sofa-set-classic,FURNITURE_ITEMS,true,Extra,,0,free,90,10,evet,hayır,hayır,hayır,hayır,color=false image=false glass=false lightbox=false mesh=false,false,Missing canonical unit for leaf Item: furniture_sofa_set_classic.,project.modules[] factory state + placement,createBeigeSofaSetModule,true,free-model-color,docs/items/definitions/furniture_sofa_set_classic.md,true,BOM hata
furniture_sofa_single_classic,Tekli Koltuk,sofa-single-classic,FURNITURE_ITEMS,true,Extra,,0,free,45,10,evet,hayır,hayır,hayır,hayır,color=false image=false glass=false lightbox=false mesh=false,false,Missing canonical unit for leaf Item: furniture_sofa_single_classic.,project.modules[] factory state + placement,createSofaSingleClassicModule,true,free-model-color,docs/items/definitions/furniture_sofa_single_classic.md,true,BOM hata
furniture_sofa_double_classic,Çiftli Koltuk,sofa-double-classic,FURNITURE_ITEMS,true,Extra,,0,free,90,10,evet,hayır,hayır,hayır,hayır,color=false image=false glass=false lightbox=false mesh=false,false,Missing canonical unit for leaf Item: furniture_sofa_double_classic.,project.modules[] factory state + placement,createSofaDoubleClassicModule,true,free-model-color,docs/items/definitions/furniture_sofa_double_classic.md,true,BOM hata
furniture_coffee_table_classic,Sehpa,coffee-table-classic,FURNITURE_ITEMS,true,Extra,,0,free,90,10,hayır,hayır,hayır,hayır,hayır,color=false image=false glass=false lightbox=false mesh=false,false,Missing canonical unit for leaf Item: furniture_coffee_table_classic.,project.modules[] factory state + placement,createCoffeeTableClassicModule,true,free-model-fixed,docs/items/definitions/furniture_coffee_table_classic.md,true,BOM hata
furniture_table_chair_set_eames,Eames Masa Sandalye Takımı,table-chair-set-eames,FURNITURE_ITEMS,true,Extra,,0,free,90,10,evet,hayır,hayır,hayır,hayır,color=false image=false glass=false lightbox=false mesh=false,false,Missing canonical unit for leaf Item: furniture_table_chair_set_eames.,project.modules[] factory state + placement,createEamesTableChairSetModule,true,free-model-color,docs/items/definitions/furniture_table_chair_set_eames.md,true,BOM hata
chair_eames,Eames Sandalye,chair,FURNITURE_ITEMS,true,Extra,,0,free,90,10,evet,hayır,hayır,hayır,hayır,color=false image=false glass=false lightbox=false mesh=false,false,Missing canonical unit for leaf Item: chair_eames.,project.modules[] factory state + placement,createEamesChairModule,true,free-model-color,docs/items/definitions/chair_eames.md,true,BOM hata
glass_table,Cam Masa,table-glass,FURNITURE_ITEMS,true,Extra,,0,free,90,10,hayır,hayır,hayır,hayır,hayır,color=false image=false glass=false lightbox=false mesh=false,false,Missing canonical unit for leaf Item: glass_table.,project.modules[] factory state + placement,createGlassTableModule,true,free-model-fixed,docs/items/definitions/glass_table.md,true,BOM hata
furniture_bar_stool_classic,Bar Taburesi,bar-stool,FURNITURE_ITEMS,true,Extra,,0,free,45,10,evet,hayır,hayır,hayır,hayır,color=false image=false glass=false lightbox=false mesh=false,false,Missing canonical unit for leaf Item: furniture_bar_stool_classic.,project.modules[] factory state + placement,createBarStoolModule,true,free-model-color,docs/items/definitions/furniture_bar_stool_classic.md,true,BOM hata
EXTRA_INDOOR_PLANT_1,Yapay Çiçek 1,indoor-plant-1,INDOOR_PLANT_ITEMS,true,Extra,,0,free,90,10,hayır,hayır,hayır,hayır,hayır,color=false image=false glass=false lightbox=false mesh=false,false,Missing canonical unit for leaf Item: EXTRA_INDOOR_PLANT_1.,project.modules[] factory state + placement,createIndoorPlantModule,true,free-model-fixed,docs/items/definitions/EXTRA_INDOOR_PLANT_1.md,true,BOM hata
EXTRA_LONG_PLANTER_100,Uzun Saksı 100,indoor-plant-1,INDOOR_PLANT_ITEMS,true,Extra,,0,free,90,10,evet,hayır,hayır,hayır,hayır,color=false image=false glass=false lightbox=false mesh=false,false,Missing canonical unit for leaf Item: EXTRA_LONG_PLANTER_100.,project.modules[] factory state + placement,createIndoorPlantModule,true,free-model-color,docs/items/definitions/EXTRA_LONG_PLANTER_100.md,true,BOM hata
EXTRA_LONG_PLANTER_150,Uzun Saksı 150,indoor-plant-1,INDOOR_PLANT_ITEMS,true,Extra,,0,free,90,10,evet,hayır,hayır,hayır,hayır,color=false image=false glass=false lightbox=false mesh=false,false,Missing canonical unit for leaf Item: EXTRA_LONG_PLANTER_150.,project.modules[] factory state + placement,createIndoorPlantModule,true,free-model-color,docs/items/definitions/EXTRA_LONG_PLANTER_150.md,true,BOM hata
EXTRA_LONG_PLANTER_200,Uzun Saksı 200,indoor-plant-1,INDOOR_PLANT_ITEMS,true,Extra,,0,free,90,10,evet,hayır,hayır,hayır,hayır,color=false image=false glass=false lightbox=false mesh=false,false,Missing canonical unit for leaf Item: EXTRA_LONG_PLANTER_200.,project.modules[] factory state + placement,createIndoorPlantModule,true,free-model-color,docs/items/definitions/EXTRA_LONG_PLANTER_200.md,true,BOM hata
TV_42,"TV 42""",tv,WALL_MEDIA_ITEMS,true,Elektronik & Aydınlatma,,0,wall-overlay,90,10,hayır,hayır (kullanıcı atamaz),hayır,hayır,hayır,color=false image=false glass=false lightbox=false mesh=false,false,Missing canonical unit for leaf Item: TV_42.,project.modules[] factory state + placement,createTvModule,true,wall-media,docs/items/definitions/TV_42.md,true,BOM hata
TV_55,"TV 55""",tv,WALL_MEDIA_ITEMS,true,Elektronik & Aydınlatma,,0,wall-overlay,90,10,hayır,hayır (kullanıcı atamaz),hayır,hayır,hayır,color=false image=false glass=false lightbox=false mesh=false,false,Missing canonical unit for leaf Item: TV_55.,project.modules[] factory state + placement,createTvModule,true,wall-media,docs/items/definitions/TV_55.md,true,BOM hata
TV_65,"TV 65""",tv,WALL_MEDIA_ITEMS,true,Elektronik & Aydınlatma,,0,wall-overlay,90,10,hayır,hayır (kullanıcı atamaz),hayır,hayır,hayır,color=false image=false glass=false lightbox=false mesh=false,false,Missing canonical unit for leaf Item: TV_65.,project.modules[] factory state + placement,createTvModule,true,wall-media,docs/items/definitions/TV_65.md,true,BOM hata
VIDEO_WALL_2X2,Video Wall 2×2,tv,WALL_MEDIA_ITEMS,true,Elektronik & Aydınlatma,,0,wall-overlay,90,10,hayır,hayır (kullanıcı atamaz),hayır,hayır,hayır,color=false image=false glass=false lightbox=false mesh=false,false,Missing canonical unit for leaf Item: VIDEO_WALL_2X2.,project.modules[] factory state + placement,createTvModule,true,wall-media,docs/items/definitions/VIDEO_WALL_2X2.md,true,BOM hata
VIDEO_WALL_3X3,Video Wall 3×3,tv,WALL_MEDIA_ITEMS,true,Elektronik & Aydınlatma,,0,wall-overlay,90,10,hayır,hayır (kullanıcı atamaz),hayır,hayır,hayır,color=false image=false glass=false lightbox=false mesh=false,false,Missing canonical unit for leaf Item: VIDEO_WALL_3X3.,project.modules[] factory state + placement,createTvModule,true,wall-media,docs/items/definitions/VIDEO_WALL_3X3.md,true,BOM hata
led_floodlight,LED Projektör,led-floodlight,TOP_LIGHT_ITEMS,true,Elektronik & Aydınlatma,,0,top,90,20,evet,hayır,hayır,hayır,hayır,color=false image=false glass=false lightbox=false mesh=false,false,Missing canonical unit for leaf Item: led_floodlight.,project.modules[] factory state + placement,createLedFloodlightModule,true,top-light,docs/items/definitions/led_floodlight.md,true,BOM hata
illuminated-foam,Işıklı Strafor / Logo,illuminated-foam,NON_CATALOG_ITEMS,false,,,0,wall-overlay,90,10,evet (haloColor),evet (zorunlu imageAssetId),hayır,hayır,hayır,color=false image=false glass=false lightbox=false mesh=false,false,Missing canonical unit for leaf Item: illuminated-foam.,project.modules[] factory state + placement,createIlluminatedFoamModule,true,wall-overlay-image,docs/items/definitions/illuminated-foam.md,true,BOM hata
karolaj,Karolaj,floor,FLOOR_ITEMS,false,,,0,wall,90,50,evet,hayır,hayır,hayır,hayır,color=false image=false glass=false lightbox=false mesh=false,false,Missing canonical unit for leaf Item: karolaj.,stand.itemKey (eski floorType silinir),,false,,docs/items/definitions/karolaj.md,true,factory üretmez; BOM hata; TYPE_BEHAVIORS yok (DEFAULT_BEHAVIOR)
hali,Halı,floor,FLOOR_ITEMS,false,,,0,wall,90,50,evet,hayır,hayır,hayır,hayır,color=false image=false glass=false lightbox=false mesh=false,false,Missing canonical unit for leaf Item: hali.,stand.itemKey (eski floorType silinir),,false,,docs/items/definitions/hali.md,true,factory üretmez; BOM hata; TYPE_BEHAVIORS yok (DEFAULT_BEHAVIOR)
parke-acik,Beyaz Meşe,floor,FLOOR_ITEMS,false,,,0,wall,90,50,hayır,hayır,hayır,hayır,hayır,color=false image=false glass=false lightbox=false mesh=false,false,Missing canonical unit for leaf Item: parke-acik.,stand.itemKey (eski floorType silinir),,false,,docs/items/definitions/parke-acik.md,true,factory üretmez; BOM hata; TYPE_BEHAVIORS yok (DEFAULT_BEHAVIOR)
parke-sari,Sarı Meşe,floor,FLOOR_ITEMS,false,,,0,wall,90,50,hayır,hayır,hayır,hayır,hayır,color=false image=false glass=false lightbox=false mesh=false,false,Missing canonical unit for leaf Item: parke-sari.,stand.itemKey (eski floorType silinir),,false,,docs/items/definitions/parke-sari.md,true,factory üretmez; BOM hata; TYPE_BEHAVIORS yok (DEFAULT_BEHAVIOR)
parke-beton,Beton Parke,floor,FLOOR_ITEMS,false,,,0,wall,90,50,hayır,hayır,hayır,hayır,hayır,color=false image=false glass=false lightbox=false mesh=false,false,Missing canonical unit for leaf Item: parke-beton.,stand.itemKey (eski floorType silinir),,false,,docs/items/definitions/parke-beton.md,true,factory üretmez; BOM hata; TYPE_BEHAVIORS yok (DEFAULT_BEHAVIOR)
door_100,Depo Kapısı 100,door,COMPOSITE_ITEMS,true,Panel & Duvar,recipe,6,wall,90,50,evet (kanat + üst paneller),evet (kanat + üst paneller),hayır,evet (yalnız panel selectionMode),evet (yalnız panel selectionMode),color=false image=false glass=false lightbox=false mesh=false,true,,project.modules[] factory state + placement,createDoorModule,true,wall-editable,docs/items/definitions/door_100.md,true,
BASE_100,Baza 100,base,COMPOSITE_ITEMS,true,Banko & Baza,recipe,8,free,90,50,evet,evet,hayır,hayır,hayır,color=false image=false glass=false lightbox=false mesh=false,true,,project.modules[] factory state + placement,createBaseModule,true,free-editable,docs/items/definitions/BASE_100.md,true,
BASE_150,Baza 150,base,COMPOSITE_ITEMS,true,Banko & Baza,recipe,8,free,90,50,evet,evet,hayır,hayır,hayır,color=false image=false glass=false lightbox=false mesh=false,true,,project.modules[] factory state + placement,createBaseModule,true,free-editable,docs/items/definitions/BASE_150.md,true,
BASE_200,Baza 200,base,COMPOSITE_ITEMS,true,Banko & Baza,recipe,8,free,90,50,evet,evet,hayır,hayır,hayır,color=false image=false glass=false lightbox=false mesh=false,true,,project.modules[] factory state + placement,createBaseModule,true,free-editable,docs/items/definitions/BASE_200.md,true,
desk_banko_100,Banko 100,counter,COMPOSITE_ITEMS,true,Banko & Baza,recipe,8,free,45,50,evet,evet,hayır,hayır,hayır,color=false image=false glass=false lightbox=false mesh=false,true,,project.modules[] factory state + placement,createCounterModule / createLCounterModule (shape L),true,free-editable,docs/items/definitions/desk_banko_100.md,true,
desk_banko_150,Banko 150,counter,COMPOSITE_ITEMS,true,Banko & Baza,recipe,8,free,45,50,evet,evet,hayır,hayır,hayır,color=false image=false glass=false lightbox=false mesh=false,true,,project.modules[] factory state + placement,createCounterModule / createLCounterModule (shape L),true,free-editable,docs/items/definitions/desk_banko_150.md,true,
desk_banko_200,Banko 200,counter,COMPOSITE_ITEMS,true,Banko & Baza,recipe,8,free,45,50,evet,evet,hayır,hayır,hayır,color=false image=false glass=false lightbox=false mesh=false,true,,project.modules[] factory state + placement,createCounterModule / createLCounterModule (shape L),true,free-editable,docs/items/definitions/desk_banko_200.md,true,
desk_banko_100_L,Köşe Banko 100×100,counter,COMPOSITE_ITEMS,true,Banko & Baza,recipe,9,free,90,50,evet,evet,hayır,hayır,hayır,color=false image=false glass=false lightbox=false mesh=false,true,,project.modules[] factory state + placement,createCounterModule / createLCounterModule (shape L),true,free-editable,docs/items/definitions/desk_banko_100_L.md,true,
desk_banko_150_L,Köşe Banko 150×150,counter,COMPOSITE_ITEMS,true,Banko & Baza,recipe,10,free,90,50,evet,evet,hayır,hayır,hayır,color=false image=false glass=false lightbox=false mesh=false,true,,project.modules[] factory state + placement,createCounterModule / createLCounterModule (shape L),true,free-editable,docs/items/definitions/desk_banko_150_L.md,true,
desk_banko_200_L,Köşe Banko 200×200,counter,COMPOSITE_ITEMS,true,Banko & Baza,recipe,10,free,90,50,evet,evet,hayır,hayır,hayır,color=false image=false glass=false lightbox=false mesh=false,true,,project.modules[] factory state + placement,createCounterModule / createLCounterModule (shape L),true,free-editable,docs/items/definitions/desk_banko_200_L.md,true,
wall_50,Panel 50,flat-panel,COMPOSITE_ITEMS,true,Panel & Duvar,recipe,5,wall,90,50,evet,evet,hayır,evet (yalnız panel selectionMode),evet (yalnız panel selectionMode),color=false image=false glass=false lightbox=false mesh=false,true,,project.modules[] factory state + placement,createFlatPanelModule,true,wall-editable,docs/items/definitions/wall_50.md,true,
wall_100,Panel 100,flat-panel,COMPOSITE_ITEMS,true,Panel & Duvar,recipe,5,wall,90,50,evet,evet,hayır,evet (yalnız panel selectionMode),evet (yalnız panel selectionMode),color=false image=false glass=false lightbox=false mesh=false,true,,project.modules[] factory state + placement,createFlatPanelModule,true,wall-editable,docs/items/definitions/wall_100.md,true,
wall_150,Panel 150,flat-panel,COMPOSITE_ITEMS,true,Panel & Duvar,recipe,5,wall,90,50,evet,evet,hayır,evet (yalnız panel selectionMode),evet (yalnız panel selectionMode),color=false image=false glass=false lightbox=false mesh=false,true,,project.modules[] factory state + placement,createFlatPanelModule,true,wall-editable,docs/items/definitions/wall_150.md,true,
wall_200,Panel 200,flat-panel,COMPOSITE_ITEMS,true,Panel & Duvar,recipe,5,wall,90,50,evet,evet,hayır,evet (yalnız panel selectionMode),evet (yalnız panel selectionMode),color=false image=false glass=false lightbox=false mesh=false,true,,project.modules[] factory state + placement,createFlatPanelModule,true,wall-editable,docs/items/definitions/wall_200.md,true,
wall_200_short_up_2,Panel 200 Short Up 2,flat-panel,COMPOSITE_ITEMS,true,Panel Ek Modül,recipe,5,wall,90,50,evet,evet,hayır,evet (yalnız panel selectionMode),evet (yalnız panel selectionMode),color=false image=false glass=false lightbox=false mesh=false,true,,project.modules[] factory state + placement,createFlatPanelModule,true,wall-editable,,true,definition md yok
wall_150_short_up_2,Panel 150 Short Up 2,flat-panel,COMPOSITE_ITEMS,true,Panel Ek Modül,recipe,5,wall,90,50,evet,evet,hayır,evet (yalnız panel selectionMode),evet (yalnız panel selectionMode),color=false image=false glass=false lightbox=false mesh=false,true,,project.modules[] factory state + placement,createFlatPanelModule,true,wall-editable,,true,definition md yok
wall_100_short_up_2,Panel 100 Short Up 2,flat-panel,COMPOSITE_ITEMS,true,Panel Ek Modül,recipe,5,wall,90,50,evet,evet,hayır,evet (yalnız panel selectionMode),evet (yalnız panel selectionMode),color=false image=false glass=false lightbox=false mesh=false,true,,project.modules[] factory state + placement,createFlatPanelModule,true,wall-editable,,true,definition md yok
wall_50_short_up_2,Panel 50 Short Up 2,flat-panel,COMPOSITE_ITEMS,true,Panel Ek Modül,recipe,5,wall,90,50,evet,evet,hayır,evet (yalnız panel selectionMode),evet (yalnız panel selectionMode),color=false image=false glass=false lightbox=false mesh=false,true,,project.modules[] factory state + placement,createFlatPanelModule,true,wall-editable,,true,definition md yok
wall_200_short_up_1,Panel 200 Short Up 1,flat-panel,COMPOSITE_ITEMS,true,Panel Ek Modül,recipe,5,wall,90,50,evet,evet,hayır,evet (yalnız panel selectionMode),evet (yalnız panel selectionMode),color=false image=false glass=false lightbox=false mesh=false,true,,project.modules[] factory state + placement,createFlatPanelModule,true,wall-editable,,true,definition md yok
wall_150_short_up_1,Panel 150 Short Up 1,flat-panel,COMPOSITE_ITEMS,true,Panel Ek Modül,recipe,5,wall,90,50,evet,evet,hayır,evet (yalnız panel selectionMode),evet (yalnız panel selectionMode),color=false image=false glass=false lightbox=false mesh=false,true,,project.modules[] factory state + placement,createFlatPanelModule,true,wall-editable,,true,definition md yok
wall_100_short_up_1,Panel 100 Short Up 1,flat-panel,COMPOSITE_ITEMS,true,Panel Ek Modül,recipe,5,wall,90,50,evet,evet,hayır,evet (yalnız panel selectionMode),evet (yalnız panel selectionMode),color=false image=false glass=false lightbox=false mesh=false,true,,project.modules[] factory state + placement,createFlatPanelModule,true,wall-editable,,true,definition md yok
wall_50_short_up_1,Panel 50 Short Up 1,flat-panel,COMPOSITE_ITEMS,true,Panel Ek Modül,recipe,5,wall,90,50,evet,evet,hayır,evet (yalnız panel selectionMode),evet (yalnız panel selectionMode),color=false image=false glass=false lightbox=false mesh=false,true,,project.modules[] factory state + placement,createFlatPanelModule,true,wall-editable,,true,definition md yok
wall_base_100,Panel Bazalı 100,base-wall,COMPOSITE_ITEMS,true,Panel & Duvar,recipe,9,wall,90,50,evet,evet,hayır,evet (yalnız panel selectionMode),evet (yalnız panel selectionMode),color=false image=false glass=false lightbox=false mesh=false,true,,project.modules[] factory state + placement,createBaseWallModule,true,wall-editable,docs/items/definitions/wall_base_100.md,true,
wall_base_150,Panel Bazalı 150,base-wall,COMPOSITE_ITEMS,true,Panel & Duvar,recipe,9,wall,90,50,evet,evet,hayır,evet (yalnız panel selectionMode),evet (yalnız panel selectionMode),color=false image=false glass=false lightbox=false mesh=false,true,,project.modules[] factory state + placement,createBaseWallModule,true,wall-editable,docs/items/definitions/wall_base_150.md,true,
wall_base_200,Panel Bazalı 200,base-wall,COMPOSITE_ITEMS,true,Panel & Duvar,recipe,9,wall,90,50,evet,evet,hayır,evet (yalnız panel selectionMode),evet (yalnız panel selectionMode),color=false image=false glass=false lightbox=false mesh=false,true,,project.modules[] factory state + placement,createBaseWallModule,true,wall-editable,docs/items/definitions/wall_base_200.md,true,
wall_separator_50,Separatör 50,separator,COMPOSITE_ITEMS,true,Panel & Duvar,recipe,6,wall,90,50,evet,hayır,hayır,hayır,hayır,color=false image=false glass=false lightbox=false mesh=false,true,,project.modules[] factory state + placement,createSeparatorModule,true,wall-color-only,docs/items/definitions/wall_separator_50.md,true,
wall_separator_100,Separatör 100,separator,COMPOSITE_ITEMS,true,Panel & Duvar,recipe,5,wall,90,50,evet,hayır,hayır,hayır,hayır,color=false image=false glass=false lightbox=false mesh=false,true,,project.modules[] factory state + placement,createSeparatorModule,true,wall-color-only,docs/items/definitions/wall_separator_100.md,true,
wall_separator_50_sarmasik,Separatör 50 Sarmaşık,separator,COMPOSITE_ITEMS,true,Panel & Duvar,recipe,6,wall,90,50,evet,hayır,hayır,hayır,hayır,color=false image=false glass=false lightbox=false mesh=false,true,,project.modules[] factory state + placement,createSeparatorModule,true,wall-color-only,docs/items/definitions/wall_separator_50_sarmasik.md,true,
wall_separator_100_sarmasik,Separatör 100 Sarmaşık,separator,COMPOSITE_ITEMS,true,Panel & Duvar,recipe,5,wall,90,50,evet,hayır,hayır,hayır,hayır,color=false image=false glass=false lightbox=false mesh=false,true,,project.modules[] factory state + placement,createSeparatorModule,true,wall-color-only,docs/items/definitions/wall_separator_100_sarmasik.md,true,
wall_shelf_2_100,Raf 100 · 2 Raf,shelf,COMPOSITE_ITEMS,true,Raf & Vitrin,recipe,7,wall,90,50,evet,evet,evet,evet (yalnız panel selectionMode),evet (yalnız panel selectionMode),color=false image=false glass=false lightbox=false mesh=false,true,,project.modules[] factory state + placement,createShelfModule,true,wall-editable,docs/items/definitions/wall_shelf_2_100.md,true,
wall_shelf_2_150,Raf 150 · 2 Raf,shelf,COMPOSITE_ITEMS,true,Raf & Vitrin,recipe,7,wall,90,50,evet,evet,evet,evet (yalnız panel selectionMode),evet (yalnız panel selectionMode),color=false image=false glass=false lightbox=false mesh=false,true,,project.modules[] factory state + placement,createShelfModule,true,wall-editable,docs/items/definitions/wall_shelf_2_150.md,true,
wall_shelf_2_200,Raf 200 · 2 Raf,shelf,COMPOSITE_ITEMS,true,Raf & Vitrin,recipe,7,wall,90,50,evet,evet,evet,evet (yalnız panel selectionMode),evet (yalnız panel selectionMode),color=false image=false glass=false lightbox=false mesh=false,true,,project.modules[] factory state + placement,createShelfModule,true,wall-editable,docs/items/definitions/wall_shelf_2_200.md,true,
wall_shelf_3_100,Raf 100 · 3 Raf,shelf,COMPOSITE_ITEMS,true,Raf & Vitrin,recipe,7,wall,90,50,evet,evet,evet,evet (yalnız panel selectionMode),evet (yalnız panel selectionMode),color=false image=false glass=false lightbox=false mesh=false,true,,project.modules[] factory state + placement,createShelfModule,true,wall-editable,docs/items/definitions/wall_shelf_3_100.md,true,
wall_shelf_3_150,Raf 150 · 3 Raf,shelf,COMPOSITE_ITEMS,true,Raf & Vitrin,recipe,7,wall,90,50,evet,evet,evet,evet (yalnız panel selectionMode),evet (yalnız panel selectionMode),color=false image=false glass=false lightbox=false mesh=false,true,,project.modules[] factory state + placement,createShelfModule,true,wall-editable,docs/items/definitions/wall_shelf_3_150.md,true,
wall_shelf_3_200,Raf 200 · 3 Raf,shelf,COMPOSITE_ITEMS,true,Raf & Vitrin,recipe,7,wall,90,50,evet,evet,evet,evet (yalnız panel selectionMode),evet (yalnız panel selectionMode),color=false image=false glass=false lightbox=false mesh=false,true,,project.modules[] factory state + placement,createShelfModule,true,wall-editable,docs/items/definitions/wall_shelf_3_200.md,true,
wall_showcase_100_2,2 Gözlü Vitrin 100,showcase-2,COMPOSITE_ITEMS,true,Raf & Vitrin,recipe,8,wall,90,50,evet,evet,hayır,evet (yalnız panel selectionMode),evet (yalnız panel selectionMode),color=false image=false glass=false lightbox=false mesh=false,true,,project.modules[] factory state + placement,createShowcaseModule,true,wall-editable,docs/items/definitions/wall_showcase_100_2.md,true,
wall_showcase_100_3,3 Gözlü Vitrin 100,showcase-3,COMPOSITE_ITEMS,true,Raf & Vitrin,recipe,8,wall,90,50,evet,evet,hayır,evet (yalnız panel selectionMode),evet (yalnız panel selectionMode),color=false image=false glass=false lightbox=false mesh=false,true,,project.modules[] factory state + placement,createShowcaseModule,true,wall-editable,docs/items/definitions/wall_showcase_100_3.md,true,
